ean;descripcion;marca;precio;precio_promo;leyenda;llevando_desde;llevando_hasta
2996000000001;BP38 CSV 1 llevando de 3 a 9999;PRUEBA;2500;2100;;3;9999
2996000000002;BP38 CSV 2 sin minimo;PRUEBA;1000;850;;;
2996000000003;BP38 CSV 3 promo mayor a lista;PRUEBA;1000;1200;;2;
2996000000004;BP38 CSV 4 minimo ilegible;PRUEBA;1000;800;;tres;
2996000000005;BP38 CSV 5 promo vacia (tenia regla);PRUEBA;1000;;;;
2996000000006;BP38 CSV 6 leyenda 2x1400;PRUEBA;1000;700;2x1400;2;
2996000000007;BP38 CSV 7;PRUEBA;1060;960;Oferta 7;2;12
2996000000008;BP38 CSV 8;PRUEBA;1070;;;;
2996000000009;BP38 CSV 9;PRUEBA;1080;980;Oferta 9;2;12
2996000000010;BP38 CSV 10;PRUEBA;1090;;;;
2996000000011;BP38 CSV 11;PRUEBA;1100;1000;Oferta 11;2;12
2996000000012;BP38 CSV 12;PRUEBA;1110;;;;
2996000000013;BP38 CSV 13;PRUEBA;1120;1020;Oferta 13;2;12
2996000000014;BP38 CSV 14;PRUEBA;1130;;;;
2996000000015;BP38 CSV 15;PRUEBA;1140;1040;Oferta 15;2;12
2996000000016;BP38 CSV 16;PRUEBA;1150;;;;
2996000000017;BP38 CSV 17;PRUEBA;1160;1060;Oferta 17;2;12
2996000000018;BP38 CSV 18;PRUEBA;1170;;;;
2996000000019;BP38 CSV 19;PRUEBA;1180;1080;Oferta 19;2;12
2996000000020;BP38 CSV 20;PRUEBA;1190;;;;